label_directory,label_file,forecasting_window_hours,flare_threshold,sampling_interval_hours,source_label_rows,overlapping_present_rows,negative_label_max,positive_label_max,other_or_missing_label_max,positive_percent,excluded_nonoverlapping_rows
C2w,data_thres_c_2hour_window.csv,2,C,,128352,109553,88426,21127,0,19.284730,18799
C2w,leaky_validation.csv,2,C,,6048,5753,4739,1014,0,17.625587,295
C2w,test_C2w.csv,2,C,,43848,34791,26214,8577,0,24.652927,9057
C2w,train_C2w.csv,2,C,,74784,65532,54454,11078,0,16.904718,9252
C2w,train_C2w_freq12.csv,2,C,12,6232,5653,4689,964,0,17.052892,579
C2w,train_C2w_freq24.csv,2,C,24,3116,2834,2339,495,0,17.466478,282
C2w,train_C2w_freq8.csv,2,C,8,9348,8078,6659,1419,0,17.566229,1270
C2w,val_C2w.csv,2,C,,3672,3477,3019,458,0,13.172275,195
C24w,data_thres_c_24hour_window.csv,24,C,,128352,109553,51604,57949,0,52.895859,18799
C24w,leaky_val_C24w.csv,24,C,,6048,5753,2798,2955,0,51.364505,295
C24w,test_C24w.csv,24,C,,43848,34791,14242,20549,0,59.064126,9057
C24w,test_C24w_freq4.csv,24,C,4,10962,8692,3560,5132,0,59.042798,2270
C24w,train_C24w.csv,24,C,,74760,65532,32790,32742,0,49.963377,9228
C24w,train_C24w_freq12.csv,24,C,12,6230,5653,2826,2827,0,50.008845,577
C24w,train_C24w_freq2.csv,24,C,2,37380,33272,16620,16652,0,50.048088,4108
C24w,train_C24w_freq24.csv,24,C,24,3115,2834,1418,1416,0,49.964714,281
C24w,train_C24w_freq3.csv,24,C,3,24920,21458,10789,10669,0,49.720384,3462
C24w,train_C24w_freq8.csv,24,C,8,9345,8078,4023,4055,0,50.198069,1267
C24w,val_C24w.csv,24,C,,3672,3477,1774,1703,0,48.979005,195
M2w,data_thres_m_2hour_window.csv,2,M,,128352,109553,107078,2475,0,2.259180,18799
M2w,leaky_validation_M2w.csv,2,M,,6048,5753,5627,126,0,2.190162,295
M2w,test_M2w.csv,2,M,,43848,34791,33685,1106,0,3.178983,9057
M2w,train_M2w.csv,2,M,,74784,65532,64332,1200,0,1.831166,9252
M2w,train_M2w_freq12.csv,2,M,12,6232,5653,5546,107,0,1.892800,579
M2w,train_M2w_freq2.csv,2,M,2,37392,33272,32662,610,0,1.833373,4120
M2w,train_M2w_freq24.csv,2,M,24,3116,2834,2782,52,0,1.834862,282
M2w,train_M2w_freq3.csv,2,M,3,24928,21458,21069,389,0,1.812844,3470
M2w,train_M2w_freq4.csv,2,M,4,18696,16492,16185,307,0,1.861509,2204
M2w,train_M2w_freq8.csv,2,M,8,9348,8078,7931,147,0,1.819757,1270
M2w,val_M2w.csv,2,M,,3672,3477,3434,43,0,1.236698,195
M24w,leaky_val_M24w.csv,24,M,,6048,5753,4873,880,0,15.296367,295
M24w,test_M24w.csv,24,M,,43848,34791,27615,7176,0,20.626024,9057
M24w,test_M24w_freq4.csv,24,M,4,10962,8692,6901,1791,0,20.605154,2270
M24w,train.csv,24,M,,74760,65532,57122,8410,0,12.833425,9228
M24w,train_M24w.csv,24,M,,74760,65532,57122,8410,0,12.833425,9228
M24w,train_M24w_freq12.csv,24,M,12,6230,5653,4924,729,0,12.895808,577
M24w,train_M24w_freq2.csv,24,M,2,37380,33272,28983,4289,0,12.890719,4108
M24w,train_M24w_freq24.csv,24,M,24,3115,2834,2470,364,0,12.844037,281
M24w,train_M24w_freq3.csv,24,M,3,24920,21458,18721,2737,0,12.755150,3462
M24w,train_M24w_freq4.csv,24,M,4,18690,16492,14360,2132,0,12.927480,2198
M24w,train_M24w_freq8.csv,24,M,8,9345,8078,7038,1040,0,12.874474,1267
M24w,val_M24w.csv,24,M,,3672,3477,3108,369,0,10.612597,195
X2w,data_thres_x_2hour_window.csv,2,X,,128352,109553,109411,142,0,0.129618,18799
X2w,leaky_validation_X2w.csv,2,X,,6048,5753,5751,2,0,0.034764,295
X2w,test_X2w.csv,2,X,,43848,34791,34740,51,0,0.146590,9057
X2w,train_X2w.csv,2,X,,74784,65532,65445,87,0,0.132760,9252
X2w,train_X2w_freq2.csv,2,X,2,37392,33272,33228,44,0,0.132243,4120
X2w,train_X2w_freq3.csv,2,X,3,24928,21458,21430,28,0,0.130487,3470
X2w,train_X2w_freq4.csv,2,X,4,18696,16492,16470,22,0,0.133398,2204
X2w,val_X2w.csv,2,X,,3672,3477,3475,2,0,0.057521,195
X24w,data_thres_x_24hour_window.csv,24,X,,128352,109553,107982,1571,0,1.434009,18799
X24w,leaky_val_X24w.csv,24,X,,6048,5753,5707,46,0,0.799583,295
X24w,test_X24w.csv,24,X,,43848,34791,34222,569,0,1.635480,9057
X24w,test_X24w_freq4.csv,24,X,4,10962,8692,8551,141,0,1.622181,2270
X24w,train_X24w.csv,24,X,,74784,65532,64600,932,0,1.422206,9252
X24w,train_X24w_freq12.csv,24,X,12,6232,5653,5572,81,0,1.432868,579
X24w,train_X24w_freq2.csv,24,X,2,37392,33272,32803,469,0,1.409594,4120
X24w,train_X24w_freq24.csv,24,X,24,3116,2834,2794,40,0,1.411433,282
X24w,train_X24w_freq3.csv,24,X,3,24928,21458,21157,301,0,1.402740,3470
X24w,train_X24w_freq4.csv,24,X,4,18696,16492,16254,238,0,1.443124,2204
X24w,train_X24w_freq8.csv,24,X,8,9348,8078,7961,117,0,1.448378,1270
X24w,val_X24w.csv,24,X,,3672,3477,3453,24,0,0.690250,195
